{
  "business_unit": "cams",
  "cmek": {
    "prj-host": {
      "asia-south1": "projects/scratch-346513/locations/asia-south1/keyRings/ring2/cryptoKeys/key3",
      "asia-south2": "projects/scratch-346513/locations/asia-south2/keyRings/ring1/cryptoKeys/key1"
    },
    "prj-svc": {
      "asia-south1": "projects/scratch-346513/locations/asia-south1/keyRings/ring2/cryptoKeys/key3",
      "asia-south2": "projects/scratch-346513/locations/asia-south2/keyRings/ring1/cryptoKeys/key2"
    }
  },
  "labels_common": {
    "bu": "cams"
  },
  "org_id": "548696268048",
  "project_common": {
    "billing_account": {
      "cams": "0189FA-E139FD-136A58"
    },
    "compute_metadata": {
      "enable-oslogin": "TRUE"
    },
    "default_service_account": "keep",
    "parent_folder_id": "folders/858509315930"
  },
  "rsrc_prefix": {
    "group": "grp",
    "folder": "fldr",
    "project": "prj",
    "vpc": "vpc",
    "subnet": "subnet",
    "secondarranges": "seciprange",
    "nat": "nat",
    "router": "router",
    "privateserviceaccess": "psarange",
    "serverlessvpcconnector": "serverlessvpconn",
    "dnsprivatezone": "dnsprivzone",
    "dnspeeringzone": "dnspeering",
    "vpcroute": "route",
    "logsink": "logsink",
    "logbucket": "logbkt",
    "gcs": "gcs"
  }
}