{
  "groups": {
    "cams-org-admins": {
      "members": [
        "santosh.jha@camsonline.com",
        "sivashankar.t@camsonline.com"
      ]
    },
    "cams-network-admins": {
      "members": [
        "manikandan.k@camsonline.com"
      ]
    },
    "cams-security-admins": {
      "members": [
        "priyanka.g@camsonline.com"
      ]
    },
    "cams-security-auditor": {
      "members": [
        "manabhanjan.p@camsonline.com"
      ]
    },
    "cams-billing-admins": {
      "members": [
        "santosh.jha@camsonline.com"
      ]
    },
    "cams-architect": {
      "members": [
        "sivashankar.t@camsonline.com"
      ]
    },
    "cams-iac-devops-admin": {
      "members": [
        "manikandan.k@camsonline.com"
      ]
    },
    "mf-network-admins": {
      "members": [
        "manikandan.k@camsonline.com"
      ]
    },
    "mf-security-admins": {
      "members": [
        "priyanka.g@camsonline.com"
      ]
    },
    "mf-npd-devops-admin": {
      "members": [
        "manikandan.k@camsonline.com"
      ]
    },
    "mf-prd-devops-admin": {
      "members": [
        "manikandan.k@camsonline.com"
      ]
    },
    "mf-npd-monitoring": {
      "members": [
        "manikandan.k@camsonline.com"
      ]
    },
    "mf-prd-monitoring": {
      "members": [
        "manikandan.k@camsonline.com"
      ]
    }
  }
}