{
  "business_unit": "jams",
  "environment": "prd",
  "cmek": {
    "prj-nw-host": {
      "asia-south1": "projects/scratch-346513/locations/asia-south1/keyRings/ring2/cryptoKeys/key3",
      "asia-south2": "projects/scratch-346513/locations/asia-south2/keyRings/ring1/cryptoKeys/key1"
    },
    "prj-svc": {
      "asia-south1": "projects/scratch-346513/locations/asia-south1/keyRings/ring2/cryptoKeys/key3",
      "asia-south2": "projects/scratch-346513/locations/asia-south2/keyRings/ring1/cryptoKeys/key2"
    }
  },
  "labels_common": {
    "bu": "jams",
    "env": "prd"
  },
  "project_common": {
    "billing_account": {
      "jams": "0189FA-E139FD-136A58"
    },
    "compute_metadata": {
      "enable-oslogin": "TRUE"
    },
    "default_service_account": "keep",
    "parent_folder_id": "folders/339348095764"
  },
  "rsrc_prefix": {
    "folder": "fldr",
    "project": "prj",
    "vpc": "vpc",
    "subnet": "subnet",
    "secondarranges": "seciprange",
    "vpcfirewallrule" : "fwr",
    "nat": "nat",
    "router": "router",
    "privateserviceaccess": "psarange",
    "serverlessvpcconnector": "svlsvpconn",
    "dnsprivatezone": "dnsprv",
    "dnspeeringzone": "dnspeer",
    "vpcroute": "route",
    "logsink": "logsink",
    "logbucket": "logbkt",
    "gcs": "gcs",
    "externalip" : "extip",
    "internalip" : "intip",
    "vpcpeering" : "vpcpeer",
    "pscendpoint" : "pscep"
  },
  "vpc_hybridconn_self_link" : "projects/prj-kan-central-1/global/networks/vpc-hybridconn-1",
  "hybridconn_project_id" : "prj-kan-central-1"
}