{
  "pscgapi": {
    "-nwlzuntrust": {
      "project_desc": "-nwlz",
      "global_ip_address": "10.186.18.64",
      "target": "all-apis",
      "private_zone": [
        "*.aiplatform-notebook.cloud.google.com.",
        "*.aiplatform-notebook.googleusercontent.com.",
        "*.appspot.com.",
        "*.backupdr.cloud.google.com.",
        "*.backupdr.googleusercontent.com.",
        "*.cloudfunctions.net.",
        "*.cloudproxy.app.",
        "*.composer.cloud.google.com.",
        "*.composer.googleusercontent.com.",
        "*.datafusion.cloud.google.com.",
        "*.datafusion.googleusercontent.com.",
        "*.dataproc.cloud.google.com.",
        "*.dataproc.googleusercontent.com.",
        "*.gke.goog.",
        "*.googleapis.com.",
        "*.gstatic.com.",
        "*.kernels.googleusercontent.com.",
        "*.ltsapis.goog.",
        "*.notebooks.cloud.google.com.",
        "*.notebooks.googleusercontent.com.",
        "*.run.app.",
        "*.gcr.io.",
        "*.pkg.dev.",
        "*.pki.goog.",
        "accounts.google.com.",
        "dl.google.com.",
        "packages.cloud.google.com.",
        "source.developers.google.com.",
        "storage.cloud.google.com."
      ]
    },

    "-nwlztrust": {
      "project_desc": "-nwlz",
      "global_ip_address": "10.186.26.64",
      "target": "all-apis",
      "private_zone": [
        "*.aiplatform-notebook.cloud.google.com.",
        "*.aiplatform-notebook.googleusercontent.com.",
        "*.appspot.com.",
        "*.backupdr.cloud.google.com.",
        "*.backupdr.googleusercontent.com.",
        "*.cloudfunctions.net.",
        "*.cloudproxy.app.",
        "*.composer.cloud.google.com.",
        "*.composer.googleusercontent.com.",
        "*.datafusion.cloud.google.com.",
        "*.datafusion.googleusercontent.com.",
        "*.dataproc.cloud.google.com.",
        "*.dataproc.googleusercontent.com.",
        "*.gke.goog.",
        "*.googleapis.com.",
        "*.gstatic.com.",
        "*.kernels.googleusercontent.com.",
        "*.ltsapis.goog.",
        "*.notebooks.cloud.google.com.",
        "*.notebooks.googleusercontent.com.",
        "*.run.app.",
        "*.gcr.io.",
        "*.pkg.dev.",
        "*.pki.goog.",
        "accounts.google.com.",
        "dl.google.com.",
        "packages.cloud.google.com.",
        "source.developers.google.com.",
        "storage.cloud.google.com."
      ]
    }
  }
}
