{
  "subnets_as2": {
    "-nwlzuntrust": {
      "project_desc": "-nwlz",
      "subnets": [
        {
          "subnet_name_token_desc_regioncode": "main-as2",
          "region": "asia-south2",
          "description": "Subnet for nwlz workload that would be exposed to internet via xLB+armor",
          "enable_private_access": true,
          "ip_cidr_range": "10.186.22.0/26",
          "flow_logs_config": {
            "flow_sampling": 0.1,
            "aggregation_interval": "INTERVAL_10_MIN"
          }
        }
      ],
      "subnets_proxy_only": [
        {
          "ip_cidr_range": "10.186.20.0/23",
          "subnet_name_token_desc_regioncode": "proxy-as2",
          "region": "asia-south2",
          "active": true,
          "global": false
        }
      ],
      "subnets_psc": [
      ]
    },
    "-nwlztrust": {
      "project_desc": "-nwlz",
      "subnets": [
        {
          "subnet_name_token_desc_regioncode": "main-as2",
          "region": "asia-south2",
          "description": "Subnet for nwlz workload in Trust VPC",
          "enable_private_access": true,
          "ip_cidr_range": "10.186.30.0/26",
          "flow_logs_config": {
            "flow_sampling": 0.1,
            "aggregation_interval": "INTERVAL_10_MIN"
          }
        }
      ],
      "subnets_proxy_only": [
        {
          "ip_cidr_range": "10.186.28.0/23",
          "subnet_name_token_desc_regioncode": "proxy-as2",
          "region": "asia-south2",
          "active": true,
          "global": false
        }
      ],
      "subnets_psc": [
      ]
    }
  }
}
