{
  "billing_account_name": "cams",
  "org_level_budget_alerts": {
    "orglevelmonthly": {
      "amount": {
        "currency_code": "USD",
        "units": 850000
      },
      "filter": {
        "credit_types_treatment": {
          "exclude_all": false
        },
        "period": {
          "calendar": "MONTH"
        }
      },
      "threshold_rules": [
        {
          "percent": 0.25,
          "forecasted_spend": false
        },
        {
          "percent": 0.5,
          "forecasted_spend": false
        },
        {
          "percent": 0.75,
          "forecasted_spend": false
        },
        {
          "percent": 0.9,
          "forecasted_spend": false
        },
        {
          "percent": 1,
          "forecasted_spend": false
        }
      ]
    },
    "orglevelquarterly": {
      "amount": {
        "currency_code": "USD",
        "units": 2500000
      },
      "filter": {
        "credit_types_treatment": {
          "exclude_all": false
        },
        "period": {
          "calendar": "QUARTER"
        }
      },
      "threshold_rules": [
        {
          "percent": 0.25,
          "forecasted_spend": false
        },
        {
          "percent": 0.5,
          "forecasted_spend": false
        },
        {
          "percent": 0.75,
          "forecasted_spend": false
        },
        {
          "percent": 0.9,
          "forecasted_spend": false
        },
        {
          "percent": 1,
          "forecasted_spend": false
        }
      ]
    },
    "orglevelyearly": {
      "amount": {
        "currency_code": "USD",
        "units": 10000000
      },
      "filter": {
        "credit_types_treatment": {
          "exclude_all": false
        },
        "period": {
          "calendar": "YEAR"
        }
      },
      "threshold_rules": [
        {
          "percent": 0.25,
          "forecasted_spend": false
        },
        {
          "percent": 0.5,
          "forecasted_spend": false
        },
        {
          "percent": 0.75,
          "forecasted_spend": false
        },
        {
          "percent": 0.9,
          "forecasted_spend": false
        },
        {
          "percent": 1,
          "forecasted_spend": false
        }
      ]
    }
  }
}