{
  "org_level_essential_contacts": {
    "odin-gcp-all@acamsonline.com": [
      "ALL"
    ],
    "odin-gcp-billing-administrator@acamsonline.com": [
      "BILLING"
    ],
    "odin-gcp-legal@acamsonline.com": [
      "LEGAL"
    ],
    "odin-gcp-product-update@acamsonline.com": [
      "PRODUCT_UPDATES"
    ],
    "odin-gcp-infosec@acamsonline.com": [
      "SECURITY"
    ],
    "odin-gcp-infrastructure@acamsonline.com": [
      "SUSPENSION"
    ],
    "odin-gcp-sre@acamsonline.com": [
      "TECHNICAL"
    ]
  }
}