{
  "org_level_hierarchical_firewall_policies": {
    "orglevelallowingresslbhc": {
      "rules": {
        "allowingresslbhc": {
          "action": "allow",
          "description": "allow ingress traffic from load balancers for health checks",
          "direction": "INGRESS",
          "match": {
            "src_ip_ranges": [
              "35.191.0.0/16",
              "130.211.0.0/22",
              "209.85.152.0/22",
              "209.85.204.0/22"
            ],
            "layer4_config": {
              "ports": [
                443
              ]
            }
          },
          "priority": 1000
        }
      }
    }
  }
}