{
  "projects": [
    {
      "activate_apis": [
        "vpcaccess.googleapis.com"
      ],
      "billing_account_name": "cams",
      "budget_alerts": {
        "monthly": {
          "amount": {
            "currency_code": "USD",
            "units": 850
          },
          "filter": {
            "credit_types_treatment": {
              "exclude_all": false
            },
            "period": {
              "calendar": "MONTH"
            }
          },
          "threshold_rules": [
            {
              "percent": 0.25,
              "forecasted_spend": false
            },
            {
              "percent": 0.5,
              "forecasted_spend": false
            },
            {
              "percent": 0.75,
              "forecasted_spend": false
            },
            {
              "percent": 0.9,
              "forecasted_spend": false
            },
            {
              "percent": 1,
              "forecasted_spend": false
            }
          ]
        },
        "quarterly": {
          "amount": {
            "currency_code": "USD",
            "units": 2500
          },
          "filter": {
            "credit_types_treatment": {
              "exclude_all": false
            },
            "period": {
              "calendar": "QUARTER"
            }
          },
          "threshold_rules": [
            {
              "percent": 0.25,
              "forecasted_spend": false
            },
            {
              "percent": 0.5,
              "forecasted_spend": false
            },
            {
              "percent": 0.75,
              "forecasted_spend": false
            },
            {
              "percent": 0.9,
              "forecasted_spend": false
            },
            {
              "percent": 1,
              "forecasted_spend": false
            }
          ]
        },
        "yearly": {
          "amount": {
            "currency_code": "USD",
            "units": 10000
          },
          "filter": {
            "credit_types_treatment": {
              "exclude_all": false
            },
            "period": {
              "calendar": "YEAR"
            }
          },
          "threshold_rules": [
            {
              "percent": 0.25,
              "forecasted_spend": false
            },
            {
              "percent": 0.5,
              "forecasted_spend": false
            },
            {
              "percent": 0.75,
              "forecasted_spend": false
            },
            {
              "percent": 0.9,
              "forecasted_spend": false
            },
            {
              "percent": 1,
              "forecasted_spend": false
            }
          ]
        }
      },
      "labels": {
        "app_module": "infra",
        "app_submodule": "security",
        "cost_center": "cams",
        "data_criticality": "high",
        "data_sensitivity": "high",
        "resource_criticality": "high"
      },
      "parent_folder_desc": "common",
      "project_desc": "seclogs"
    },
    {
      "activate_apis": [
        "compute.googleapis.com",
        "vpcaccess.googleapis.com"
      ],
      "billing_account_name": "cams",
      "budget_alerts": {
        "monthly": {
          "amount": {
            "currency_code": "USD",
            "units": 850
          },
          "filter": {
            "credit_types_treatment": {
              "exclude_all": false
            },
            "period": {
              "calendar": "MONTH"
            }
          },
          "threshold_rules": [
            {
              "percent": 0.25,
              "forecasted_spend": false
            },
            {
              "percent": 0.5,
              "forecasted_spend": false
            },
            {
              "percent": 0.75,
              "forecasted_spend": false
            },
            {
              "percent": 0.9,
              "forecasted_spend": false
            },
            {
              "percent": 1,
              "forecasted_spend": false
            }
          ]
        },
        "quarterly": {
          "amount": {
            "currency_code": "USD",
            "units": 2500
          },
          "filter": {
            "credit_types_treatment": {
              "exclude_all": false
            },
            "period": {
              "calendar": "QUARTER"
            }
          },
          "threshold_rules": [
            {
              "percent": 0.25,
              "forecasted_spend": false
            },
            {
              "percent": 0.5,
              "forecasted_spend": false
            },
            {
              "percent": 0.75,
              "forecasted_spend": false
            },
            {
              "percent": 0.9,
              "forecasted_spend": false
            },
            {
              "percent": 1,
              "forecasted_spend": false
            }
          ]
        },
        "yearly": {
          "amount": {
            "currency_code": "USD",
            "units": 10000
          },
          "filter": {
            "credit_types_treatment": {
              "exclude_all": false
            },
            "period": {
              "calendar": "YEAR"
            }
          },
          "threshold_rules": [
            {
              "percent": 0.25,
              "forecasted_spend": false
            },
            {
              "percent": 0.5,
              "forecasted_spend": false
            },
            {
              "percent": 0.75,
              "forecasted_spend": false
            },
            {
              "percent": 0.9,
              "forecasted_spend": false
            },
            {
              "percent": 1,
              "forecasted_spend": false
            }
          ]
        }
      },
      "labels": {
        "app_module": "infra",
        "app_submodule": "security",
        "cost_center": "cams",
        "data_criticality": "na",
        "data_sensitivity": "na",
        "resource_criticality": "high"
      },
      "parent_folder_desc": "common",
      "project_desc": "secimages"
    },
    {
      "activate_apis": [
        "certificatemanager.googleapis.com",
        "networksecurity.googleapis.com",
        "vpcaccess.googleapis.com"
      ],
      "billing_account_name": "cams",
      "budget_alerts": {
        "monthly": {
          "amount": {
            "currency_code": "USD",
            "units": 850
          },
          "filter": {
            "credit_types_treatment": {
              "exclude_all": false
            },
            "period": {
              "calendar": "MONTH"
            }
          },
          "threshold_rules": [
            {
              "percent": 0.25,
              "forecasted_spend": false
            },
            {
              "percent": 0.5,
              "forecasted_spend": false
            },
            {
              "percent": 0.75,
              "forecasted_spend": false
            },
            {
              "percent": 0.9,
              "forecasted_spend": false
            },
            {
              "percent": 1,
              "forecasted_spend": false
            }
          ]
        },
        "quarterly": {
          "amount": {
            "currency_code": "USD",
            "units": 2500
          },
          "filter": {
            "credit_types_treatment": {
              "exclude_all": false
            },
            "period": {
              "calendar": "QUARTER"
            }
          },
          "threshold_rules": [
            {
              "percent": 0.25,
              "forecasted_spend": false
            },
            {
              "percent": 0.5,
              "forecasted_spend": false
            },
            {
              "percent": 0.75,
              "forecasted_spend": false
            },
            {
              "percent": 0.9,
              "forecasted_spend": false
            },
            {
              "percent": 1,
              "forecasted_spend": false
            }
          ]
        },
        "yearly": {
          "amount": {
            "currency_code": "USD",
            "units": 10000
          },
          "filter": {
            "credit_types_treatment": {
              "exclude_all": false
            },
            "period": {
              "calendar": "YEAR"
            }
          },
          "threshold_rules": [
            {
              "percent": 0.25,
              "forecasted_spend": false
            },
            {
              "percent": 0.5,
              "forecasted_spend": false
            },
            {
              "percent": 0.75,
              "forecasted_spend": false
            },
            {
              "percent": 0.9,
              "forecasted_spend": false
            },
            {
              "percent": 1,
              "forecasted_spend": false
            }
          ]
        }
      },
      "is_cmek_project": true,
      "labels": {
        "app_module": "infra",
        "app_submodule": "security",
        "cost_center": "cams",
        "data_criticality": "low",
        "data_sensitivity": "low",
        "resource_criticality": "high"
      },
      "parent_folder_desc": "common",
      "project_desc": "security"
    }
  ]
}