{
  "business_unit": "mf",
  "cmek": {
    "prj-mf-secimages": {
      "asia-south1": "projects/scratch-346513/locations/asia-south1/keyRings/ring2/cryptoKeys/key3",
      "asia-south2": "projects/scratch-346513/locations/asia-south2/keyRings/ring1/cryptoKeys/key1"
    },
    "prj-mf-seclogs": {
      "asia-south1": "projects/scratch-346513/locations/asia-south1/keyRings/ring2/cryptoKeys/key3",
      "asia-south2": "projects/scratch-346513/locations/asia-south2/keyRings/ring1/cryptoKeys/key2"
    },
    "prj-mf-security": {
      "asia-south1": "projects/scratch-346513/locations/asia-south1/keyRings/ring2/cryptoKeys/key3",
      "asia-south2": "projects/scratch-346513/locations/asia-south2/keyRings/ring1/cryptoKeys/key2"
    }
  },
  "labels_common": {
    "bu": "mf"
  },
  "org_id": "548696268048",
  "parent_folder_id": "folders/786434154430",
  "project_common": {
    "billing_account": {
      "cams": "0189FA-E139FD-136A58"
    },
    "compute_metadata": {
      "enable-oslogin": "TRUE"
    },
    "default_service_account": "disable"
  },
  "rsrc_prefix": {
    "folder": "fldr",
    "project": "prj",
    "vpc": "vpc",
    "subnet": "subnet",
    "secondarranges": "seciprange",
    "nat": "nat",
    "router": "router",
    "privateserviceaccess": "psarange",
    "serverlessvpcconnector": "serverlessvpconn",
    "dnsprivatezone": "dnsprivzone",
    "dnspeeringzone": "dnspeering",
    "vpcroute": "route",
    "logsink": "logsink",
    "logbucket": "logbkt",
    "gcs": "gcs",
    "ckmskeyring": "keyring",
    "ckmskey": "key",
    "budgetalert": "budgetalert",
    "tag": "tag",
    "hierarchicalfwpolicy": "hfwp",
    "hierarchicalfwpolicyrule": "hfwr"
  }
}