{
  "log_sinks_as1": {
    "seclogsgcs": {
      "destination": {
        "storage_bucket_desc": "seclogs",
        "storage_bucket_labels": {
          "app_module": "infra",
          "app_submodule": "observability",
          "cost_center": "cams",
          "data_criticality": "high",
          "data_sensitivity": "high",
          "resource_criticality": "high"
        },
        "storage_bucket_lifecycle_rules": [
          {
            "action": {
              "type": "Delete"
            },
            "condition": {
              "age": 2555,
              "with_state": "ANY"
            }
          }
        ],
        "storage_class": "ARCHIVE",
        "versioning": false,
        "create_destination": true,
        "project_desc": "seclogs",
        "type": "gcs"
      },
      "filter": "LOG_ID(\"cloudaudit.googleapis.com/activity\") OR LOG_ID(\"externalaudit.googleapis.com/activity\") OR LOG_ID(\"cloudaudit.googleapis.com/system_event\") OR LOG_ID(\"externalaudit.googleapis.com/system_event\") OR LOG_ID(\"cloudaudit.googleapis.com/access_transparency\") OR LOG_ID(\"externalaudit.googleapis.com/access_transparency\") OR LOG_ID(\"cloudaudit.googleapis.com/data_access\") OR LOG_ID(\"externalaudit.googleapis.com/data_access\") OR LOG_ID(\"cloudaudit.googleapis.com/policy\") OR LOG_ID(\"externalaudit.googleapis.com/policy\")",
      "include_children": true,
      "parent_resource_type": "folder",
      "unique_writer_identity": true
    },
    "seclogslogbucket": {
      "destination": {
        "log_bucket_desc": "seclogs",
        "retention_days": 90,
        "create_destination": true,
        "project_desc": "seclogs",
        "type": "log_bucket"
      },
      "filter": "LOG_ID(\"cloudaudit.googleapis.com/activity\") OR LOG_ID(\"externalaudit.googleapis.com/activity\") OR LOG_ID(\"cloudaudit.googleapis.com/system_event\") OR LOG_ID(\"externalaudit.googleapis.com/system_event\") OR LOG_ID(\"cloudaudit.googleapis.com/access_transparency\") OR LOG_ID(\"externalaudit.googleapis.com/access_transparency\") OR LOG_ID(\"cloudaudit.googleapis.com/data_access\") OR LOG_ID(\"externalaudit.googleapis.com/data_access\") OR LOG_ID(\"cloudaudit.googleapis.com/policy\") OR LOG_ID(\"externalaudit.googleapis.com/policy\")",
      "include_children": true,
      "parent_resource_type": "folder",
      "unique_writer_identity": true
    }
  }
}