{
  "nats_as1": {
    "-nwlzuntrust": {
      "project_desc": "-nwlz",
      "nat": {
        "region_short_code": "as1",
        "region": "asia-south1",
        "total_static_ip_count": 2,
        "source_ips_num": [
          "2"
        ],
        "config_source_subnetworks": {
          "all_subnets": true,
          "only_primary_ranges_of_all_subnets": true
        },
        "config_port_allocation": {
          "enable_endpoint_independent_mapping": false,
          "enable_dynamic_port_allocation": true,
          "min_ports_per_vm": 32,
          "max_ports_per_vm": 1024
        },
        "config_timeouts": {
          "icmp": 30,
          "tcp_established": 1200,
          "tcp_time_wait": 120,
          "tcp_transitory": 30,
          "udp": 30
        },
        "logging_filter": "ERRORS_ONLY",
        "rules": [
          {
            "description": "For Public Google DNS use selected external ips",
            "match": "destination.ip == '8.8.8.8'",
            "source_ips_num": [
              "1"
            ]
          }
        ]
      }
    }
  }
}
