{
  "vpc": {
    "-nwlzuntrust": {
      "project_desc": "-nwlz",
      "routing_mode": "GLOBAL",
      "description": "VPC jams NonProd NwLZ UnTrust",
      "mtu": 1460,
      "delete_default_internet_gateway_routes": true,
      "routes": {
        "nexthopinternetgateway": {
          "route_name_token_desc": "nexthopinternetgateway",
          "description": "route through IGW to access internet",
          "dest_range": "0.0.0.0/0",
          "tags": [],
          "next_hop_type": "gateway",
          "next_hop_project_desc": "-nwlz",
          "next_hop": "global/gateways/default-internet-gateway",
          "priority": 100
        }
      },
      "firewall": {
        "egress_rules": {
        },
        "ingress_rules": {
          "allowrfc1918trfc1918icmp": {
            "description": "Allow rfc1918 ip to rfc1918 ip icmp i.e ping test",
            "source_ranges": [
              "10.0.0.0/8",
              "172.16.0.0/12",
              "192.168.0.0/16"
            ],
            "destination_ranges": [
              "10.0.0.0/8",
              "172.16.0.0/12",
              "192.168.0.0/16"
            ],
            "priority": 50000
          },
          "allowwithinvpc": {
            "description": "Allow ingress from a specific IP",
            "source_ranges": [
              "10.176.0.0/22",
              "10.176.4.0/22"
            ],
            "destination_ranges": [
              "10.176.0.0/22",
              "10.176.4.0/22"
            ],
            "priority": 10000
          }
        }
      }
    },
    "-nwlztrust": {
      "project_desc": "-nwlz",
      "routing_mode": "GLOBAL",
      "description": "VPC jams NonProd NwLZ Trust",
      "mtu": 1460,
      "delete_default_internet_gateway_routes": true,
      "routes": {
      },
      "firewall": {
        "egress_rules": {
        },
        "ingress_rules": {
          "allowrfc1918trfc1918icmp": {
            "description": "Allow rfc1918 ip to rfc1918 ip icmp i.e ping test",
            "source_ranges": [
              "10.0.0.0/8",
              "172.16.0.0/12",
              "192.168.0.0/16"
            ],
            "destination_ranges": [
              "10.0.0.0/8",
              "172.16.0.0/12",
              "192.168.0.0/16"
            ],
            "priority": 50000
          },
          "allowwithinvpc": {
            "description": "Allow ingress from a specific IP",
            "source_ranges": [
              "10.176.8.0/22",
              "10.176.12.0/22"
            ],
            "destination_ranges": [
              "10.176.8.0/22",
              "10.176.12.0/22"
            ],
            "priority": 10000
          }
        }
      }
    }
  }
}
